
update country  
set country_code = 'AF',
alpha_3_code = 'AFG',
numeric_code = '004',
name = 'Afghanistan',
official_name = 'Islamic Republic of Afghanistan'
where name =  upper('Afghanistan');            

update country  
set country_code = 'AX',
alpha_3_code = 'ALA',
numeric_code = '248',
name = 'Åland Islands',
official_name = ''
where name =  upper('Åland Islands');            

update country  
set country_code = 'AX',
alpha_3_code = 'ALA',
numeric_code = '248',
official_name = 'Åland Islands',
name = 'Aland Islands'
where name =  upper('ALAND Islands');            

update country  
set country_code = 'AL',
alpha_3_code = 'ALB',
numeric_code = '008',
name = 'Albania',
official_name = 'Republic of Albania'
where name =  upper('Albania');            

update country  
set country_code = 'DZ',
alpha_3_code = 'DZA',
numeric_code = '012',
name = 'Algeria',
official_name = 'People''s Democratic Republic of Algeria'
where name =  upper('Algeria');            

update country  
set country_code = 'AS',
alpha_3_code = 'ASM',
numeric_code = '016',
name = 'American Samoa',
official_name = ''
where name =  upper('American Samoa');            

update country  
set country_code = 'AD',
alpha_3_code = 'AND',
numeric_code = '020',
name = 'Andorra',
official_name = 'Principality of Andorra'
where name =  upper('Andorra');            

update country  
set country_code = 'AO',
alpha_3_code = 'AGO',
numeric_code = '024',
name = 'Angola',
official_name = 'Republic of Angola'
where name =  upper('Angola');            

update country  
set country_code = 'AI',
alpha_3_code = 'AIA',
numeric_code = '660',
name = 'Anguilla',
official_name = ''
where name =  upper('Anguilla');            

update country  
set country_code = 'AQ',
alpha_3_code = 'ATA',
numeric_code = '010',
name = 'Antarctica',
official_name = ''
where name =  upper('Antarctica');            

update country  
set country_code = 'AG',
alpha_3_code = 'ATG',
numeric_code = '028',
name = 'Antigua and Barbuda',
official_name = ''
where name =  upper('Antigua and Barbuda');            

update country  
set country_code = 'AR',
alpha_3_code = 'ARG',
numeric_code = '032',
name = 'Argentina',
official_name = 'Argentine Republic'
where name =  upper('Argentina');            

update country  
set country_code = 'AM',
alpha_3_code = 'ARM',
numeric_code = '051',
name = 'Armenia',
official_name = 'Republic of Armenia'
where name =  upper('Armenia');            

update country  
set country_code = 'AW',
alpha_3_code = 'ABW',
numeric_code = '533',
name = 'Aruba',
official_name = ''
where name =  upper('Aruba');            

update country  
set country_code = 'AU',
alpha_3_code = 'AUS',
numeric_code = '036',
name = 'Australia',
official_name = ''
where name =  upper('Australia');            

update country  
set country_code = 'AT',
alpha_3_code = 'AUT',
numeric_code = '040',
name = 'Austria',
official_name = 'Republic of Austria'
where name =  upper('Austria');            

update country  
set country_code = 'AZ',
alpha_3_code = 'AZE',
numeric_code = '031',
name = 'Azerbaijan',
official_name = 'Republic of Azerbaijan'
where name =  upper('Azerbaijan');            

update country  
set country_code = 'BS',
alpha_3_code = 'BHS',
numeric_code = '044',
name = 'Bahamas',
official_name = 'Commonwealth of the Bahamas'
where name =  upper('Bahamas');            

update country  
set country_code = 'BH',
alpha_3_code = 'BHR',
numeric_code = '048',
name = 'Bahrain',
official_name = 'Kingdom of Bahrain'
where name =  upper('Bahrain');            

update country  
set country_code = 'BD',
alpha_3_code = 'BGD',
numeric_code = '050',
name = 'Bangladesh',
official_name = 'People''s Republic of Bangladesh'
where name =  upper('Bangladesh');            

update country  
set country_code = 'BB',
alpha_3_code = 'BRB',
numeric_code = '052',
name = 'Barbados',
official_name = ''
where name =  upper('Barbados');            

update country  
set country_code = 'BY',
alpha_3_code = 'BLR',
numeric_code = '112',
name = 'Belarus',
official_name = 'Republic of Belarus'
where name =  upper('Belarus');            

update country  
set country_code = 'BE',
alpha_3_code = 'BEL',
numeric_code = '056',
name = 'Belgium',
official_name = 'Kingdom of Belgium'
where name =  upper('Belgium');            

update country  
set country_code = 'BZ',
alpha_3_code = 'BLZ',
numeric_code = '084',
name = 'Belize',
official_name = ''
where name =  upper('Belize');            

update country  
set country_code = 'BJ',
alpha_3_code = 'BEN',
numeric_code = '204',
name = 'Benin',
official_name = 'Republic of Benin'
where name =  upper('Benin');            

update country  
set country_code = 'BM',
alpha_3_code = 'BMU',
numeric_code = '060',
name = 'Bermuda',
official_name = ''
where name =  upper('Bermuda');            

update country  
set country_code = 'BT',
alpha_3_code = 'BTN',
numeric_code = '064',
name = 'Bhutan',
official_name = 'Kingdom of Bhutan'
where name =  upper('Bhutan');            

update country  
set country_code = 'BO',
alpha_3_code = 'BOL',
numeric_code = '068',
name = 'Bolivia',
official_name = 'Republic of Bolivia'
where name =  upper('Bolivia');

update country  
set country_code = 'BO',
alpha_3_code = 'BOL',	
numeric_code = '068',
name = 'Bolivia',
official_name = 'Republic of Bolivia'
where name =  upper('BOLIVIA, PLURINATIONAL STATE OF');            

update country  
set country_code = 'BA',
alpha_3_code = 'BIH',
numeric_code = '070',
name = 'Bosnia and Herzegovina',
official_name = 'Republic of Bosnia and Herzegovina'
where name =  upper('Bosnia and Herzegovina');            

update country  
set country_code = 'BW',
alpha_3_code = 'BWA',
numeric_code = '072',
name = 'Botswana',
official_name = 'Republic of Botswana'
where name =  upper('Botswana');            

update country  
set country_code = 'BV',
alpha_3_code = 'BVT',
numeric_code = '074',
name = 'Bouvet Island',
official_name = ''
where name =  upper('Bouvet Island');            

update country  
set country_code = 'BR',
alpha_3_code = 'BRA',
numeric_code = '076',
name = 'Brazil',
official_name = 'Federative Republic of Brazil'
where name =  upper('Brazil');            

update country  
set country_code = 'IO',
alpha_3_code = 'IOT',
numeric_code = '086',
name = 'British Indian Ocean Territory',
official_name = ''
where name =  upper('British Indian Ocean Territory');            

update country  
set country_code = 'BN',
alpha_3_code = 'BRN',
numeric_code = '096',
name = 'Brunei Darussalam',
official_name = ''
where name =  upper('Brunei Darussalam');            

update country  
set country_code = 'BG',
alpha_3_code = 'BGR',
numeric_code = '100',
name = 'Bulgaria',
official_name = 'Republic of Bulgaria'
where name =  upper('Bulgaria');            

update country  
set country_code = 'BF',
alpha_3_code = 'BFA',
numeric_code = '854',
name = 'Burkina Faso',
official_name = ''
where name =  upper('Burkina Faso');            

update country  
set country_code = 'BI',
alpha_3_code = 'BDI',
numeric_code = '108',
name = 'Burundi',
official_name = 'Republic of Burundi'
where name =  upper('Burundi');            

update country  
set country_code = 'KH',
alpha_3_code = 'KHM',
numeric_code = '116',
name = 'Cambodia',
official_name = 'Kingdom of Cambodia'
where name =  upper('Cambodia');            

update country  
set country_code = 'CM',
alpha_3_code = 'CMR',
numeric_code = '120',
name = 'Cameroon',
official_name = 'Republic of Cameroon'
where name =  upper('Cameroon');            

update country  
set country_code = 'CA',
alpha_3_code = 'CAN',
numeric_code = '124',
name = 'Canada',
official_name = ''
where name =  upper('Canada');            

update country  
set country_code = 'CV',
alpha_3_code = 'CPV',
numeric_code = '132',
name = 'Cape Verde',
official_name = 'Republic of Cape Verde'
where name =  upper('Cape Verde');            

update country  
set country_code = 'KY',
alpha_3_code = 'CYM',
numeric_code = '136',
name = 'Cayman Islands',
official_name = ''
where name =  upper('Cayman Islands');            

update country  
set country_code = 'CF',
alpha_3_code = 'CAF',
numeric_code = '140',
name = 'Central African Republic',
official_name = ''
where name =  upper('Central African Republic');            

update country  
set country_code = 'TD',
alpha_3_code = 'TCD',
numeric_code = '148',
name = 'Chad',
official_name = 'Republic of Chad'
where name =  upper('Chad');            

update country  
set country_code = 'CL',
alpha_3_code = 'CHL',
numeric_code = '152',
name = 'Chile',
official_name = 'Republic of Chile'
where name =  upper('Chile');            

update country  
set country_code = 'CN',
alpha_3_code = 'CHN',
numeric_code = '156',
name = 'China',
official_name = 'People''s Republic of China'
where name =  upper('China');            

update country  
set country_code = 'CX',
alpha_3_code = 'CXR',
numeric_code = '162',
name = 'Christmas Island',
official_name = ''
where name =  upper('Christmas Island');            

update country  
set country_code = 'CC',
alpha_3_code = 'CCK',
numeric_code = '166',
name = 'Cocos (Keeling) Islands',
official_name = ''
where name =  upper('Cocos (Keeling) Islands');            

update country  
set country_code = 'CO',
alpha_3_code = 'COL',
numeric_code = '170',
name = 'Colombia',
official_name = 'Republic of Colombia'
where name =  upper('Colombia');            

update country  
set country_code = 'KM',
alpha_3_code = 'COM',
numeric_code = '174',
name = 'Comoros',
official_name = 'Union of the Comoros'
where name =  upper('Comoros');            

update country  
set country_code = 'CG',
alpha_3_code = 'COG',
numeric_code = '178',
name = 'Congo',
official_name = 'Republic of the Congo'
where name =  upper('Congo');            

update country  
set country_code = 'CD',
alpha_3_code = 'COD',
numeric_code = '180',
name = 'Congo, The Democratic Republic of the',
official_name = ''
where name =  upper('Congo, The Democratic Republic of the');            

update country  
set country_code = 'CK',
alpha_3_code = 'COK',
numeric_code = '184',
name = 'Cook Islands',
official_name = ''
where name =  upper('Cook Islands');            

update country  
set country_code = 'CR',
alpha_3_code = 'CRI',
numeric_code = '188',
name = 'Costa Rica',
official_name = 'Republic of Costa Rica'
where name =  upper('Costa Rica');            

update country  
set country_code = 'CI',
alpha_3_code = 'CIV',
numeric_code = '384',
name = 'Côte d''Ivoire',
official_name = 'Republic of Côte d''Ivoire'
where name =  upper('Côte d''Ivoire')

update country  
set country_code = 'CI',
alpha_3_code = 'CIV',
numeric_code = '384',
name = 'Côte d''Ivoire',
official_name = 'Republic of Côte d''Ivoire'
where name like 'C%D%IVOIRE';      

update country  
set country_code = 'HR',
alpha_3_code = 'HRV',
numeric_code = '191',
name = 'Croatia',
official_name = 'Republic of Croatia'
where name =  upper('Croatia');            

update country  
set country_code = 'CU',
alpha_3_code = 'CUB',
numeric_code = '192',
name = 'Cuba',
official_name = 'Republic of Cuba'
where name =  upper('Cuba');            

update country  
set country_code = 'CY',
alpha_3_code = 'CYP',
numeric_code = '196',
name = 'Cyprus',
official_name = 'Republic of Cyprus'
where name =  upper('Cyprus');            

update country  
set country_code = 'CZ',
alpha_3_code = 'CZE',
numeric_code = '203',
name = 'Czech Republic',
official_name = ''
where name =  upper('Czech Republic');            

update country  
set country_code = 'DK',
alpha_3_code = 'DNK',
numeric_code = '208',
name = 'Denmark',
official_name = 'Kingdom of Denmark'
where name =  upper('Denmark');            

update country  
set country_code = 'DJ',
alpha_3_code = 'DJI',
numeric_code = '262',
name = 'Djibouti',
official_name = 'Republic of Djibouti'
where name =  upper('Djibouti');            

update country  
set country_code = 'DM',
alpha_3_code = 'DMA',
numeric_code = '212',
name = 'Dominica',
official_name = 'Commonwealth of Dominica'
where name =  upper('Dominica');            

update country  
set country_code = 'DO',
alpha_3_code = 'DOM',
numeric_code = '214',
name = 'Dominican Republic',
official_name = ''
where name =  upper('Dominican Republic');            

update country  
set country_code = 'EC',
alpha_3_code = 'ECU',
numeric_code = '218',
name = 'Ecuador',
official_name = 'Republic of Ecuador'
where name =  upper('Ecuador');            

update country  
set country_code = 'EG',
alpha_3_code = 'EGY',
numeric_code = '818',
name = 'Egypt',
official_name = 'Arab Republic of Egypt'
where name =  upper('Egypt');            

update country  
set country_code = 'SV',
alpha_3_code = 'SLV',
numeric_code = '222',
name = 'El Salvador',
official_name = 'Republic of El Salvador'
where name =  upper('El Salvador');            

update country  
set country_code = 'GQ',
alpha_3_code = 'GNQ',
numeric_code = '226',
name = 'Equatorial Guinea',
official_name = 'Republic of Equatorial Guinea'
where name =  upper('Equatorial Guinea');            

update country  
set country_code = 'ER',
alpha_3_code = 'ERI',
numeric_code = '232',
name = 'Eritrea',
official_name = ''
where name =  upper('Eritrea');            

update country  
set country_code = 'EE',
alpha_3_code = 'EST',
numeric_code = '233',
name = 'Estonia',
official_name = 'Republic of Estonia'
where name =  upper('Estonia');            

update country  
set country_code = 'ET',
alpha_3_code = 'ETH',
numeric_code = '231',
name = 'Ethiopia',
official_name = 'Federal Democratic Republic of Ethiopia'
where name =  upper('Ethiopia');            

update country  
set country_code = 'FK',
alpha_3_code = 'FLK',
numeric_code = '238',
name = 'Falkland Islands (Malvinas)',
official_name = ''
where name =  upper('Falkland Islands (Malvinas)');            

update country  
set country_code = 'FO',
alpha_3_code = 'FRO',
numeric_code = '234',
name = 'Faroe Islands',
official_name = ''
where name =  upper('Faroe Islands');            

update country  
set country_code = 'FJ',
alpha_3_code = 'FJI',
numeric_code = '242',
name = 'Fiji',
official_name = 'Republic of the Fiji Islands'
where name =  upper('Fiji');            

update country  
set country_code = 'FI',
alpha_3_code = 'FIN',
numeric_code = '246',
name = 'Finland',
official_name = 'Republic of Finland'
where name =  upper('Finland');            

update country  
set country_code = 'FR',
alpha_3_code = 'FRA',
numeric_code = '250',
name = 'France',
official_name = 'French Republic'
where name =  upper('France');            

update country  
set country_code = 'GF',
alpha_3_code = 'GUF',
numeric_code = '254',
name = 'French Guiana',
official_name = ''
where name =  upper('French Guiana');            

update country  
set country_code = 'PF',
alpha_3_code = 'PYF',
numeric_code = '258',
name = 'French Polynesia',
official_name = ''
where name =  upper('French Polynesia');            

update country  
set country_code = 'TF',
alpha_3_code = 'ATF',
numeric_code = '260',
name = 'French Southern Territories',
official_name = ''
where name =  upper('French Southern Territories');            

update country  
set country_code = 'GA',
alpha_3_code = 'GAB',
numeric_code = '266',
name = 'Gabon',
official_name = 'Gabonese Republic'
where name =  upper('Gabon');            

update country  
set country_code = 'GM',
alpha_3_code = 'GMB',
numeric_code = '270',
name = 'Gambia',
official_name = 'Republic of the Gambia'
where name =  upper('Gambia');            

update country  
set country_code = 'GE',
alpha_3_code = 'GEO',
numeric_code = '268',
name = 'Georgia',
official_name = ''
where name =  upper('Georgia');            

update country  
set country_code = 'DE',
alpha_3_code = 'DEU',
numeric_code = '276',
name = 'Germany',
official_name = 'Federal Republic of Germany'
where name =  upper('Germany');            

update country  
set country_code = 'GH',
alpha_3_code = 'GHA',
numeric_code = '288',
name = 'Ghana',
official_name = 'Republic of Ghana'
where name =  upper('Ghana');            

update country  
set country_code = 'GI',
alpha_3_code = 'GIB',
numeric_code = '292',
name = 'Gibraltar',
official_name = ''
where name =  upper('Gibraltar');            

update country  
set country_code = 'GR',
alpha_3_code = 'GRC',
numeric_code = '300',
name = 'Greece',
official_name = 'Hellenic Republic'
where name =  upper('Greece');            

update country  
set country_code = 'GL',
alpha_3_code = 'GRL',
numeric_code = '304',
name = 'Greenland',
official_name = ''
where name =  upper('Greenland');            

update country  
set country_code = 'GD',
alpha_3_code = 'GRD',
numeric_code = '308',
name = 'Grenada',
official_name = ''
where name =  upper('Grenada');            

update country  
set country_code = 'GP',
alpha_3_code = 'GLP',
numeric_code = '312',
name = 'Guadeloupe',
official_name = ''
where name =  upper('Guadeloupe');            

update country  
set country_code = 'GU',
alpha_3_code = 'GUM',
numeric_code = '316',
name = 'Guam',
official_name = ''
where name =  upper('Guam');            

update country  
set country_code = 'GT',
alpha_3_code = 'GTM',
numeric_code = '320',
name = 'Guatemala',
official_name = 'Republic of Guatemala'
where name =  upper('Guatemala');            

update country  
set country_code = 'GG',
alpha_3_code = 'GGY',
numeric_code = '831',
name = 'Guernsey',
official_name = ''
where name =  upper('Guernsey');            

update country  
set country_code = 'GN',
alpha_3_code = 'GIN',
numeric_code = '324',
name = 'Guinea',
official_name = 'Republic of Guinea'
where name =  upper('Guinea');            

update country  
set country_code = 'GW',
alpha_3_code = 'GNB',
numeric_code = '624',
name = 'Guinea-Bissau',
official_name = 'Republic of Guinea-Bissau'
where name =  upper('Guinea-Bissau');            

update country  
set country_code = 'GY',
alpha_3_code = 'GUY',
numeric_code = '328',
name = 'Guyana',
official_name = 'Republic of Guyana'
where name =  upper('Guyana');            

update country  
set country_code = 'HT',
alpha_3_code = 'HTI',
numeric_code = '332',
name = 'Haiti',
official_name = 'Republic of Haiti'
where name =  upper('Haiti');            

update country  
set country_code = 'HM',
alpha_3_code = 'HMD',
numeric_code = '334',
name = 'Heard Island and McDonald Islands',
official_name = ''
where name =  upper('Heard Island and McDonald Islands');            

update country  
set country_code = 'VA',
alpha_3_code = 'VAT',
numeric_code = '336',
name = 'Holy See (Vatican City State)',
official_name = ''
where name =  upper('Holy See (Vatican City State)');            

update country  
set country_code = 'HN',
alpha_3_code = 'HND',
numeric_code = '340',
name = 'Honduras',
official_name = 'Republic of Honduras'
where name =  upper('Honduras');            

update country  
set country_code = 'HK',
alpha_3_code = 'HKG',
numeric_code = '344',
name = 'Hong Kong',
official_name = 'Hong Kong Special Administrative Region of China'
where name =  upper('Hong Kong');            

update country  
set country_code = 'HU',
alpha_3_code = 'HUN',
numeric_code = '348',
name = 'Hungary',
official_name = 'Republic of Hungary'
where name =  upper('Hungary');            

update country  
set country_code = 'IS',
alpha_3_code = 'ISL',
numeric_code = '352',
name = 'Iceland',
official_name = 'Republic of Iceland'
where name =  upper('Iceland');            

update country  
set country_code = 'IN',
alpha_3_code = 'IND',
numeric_code = '356',
name = 'India',
official_name = 'Republic of India'
where name =  upper('India');            

update country  
set country_code = 'ID',
alpha_3_code = 'IDN',
numeric_code = '360',
name = 'Indonesia',
official_name = 'Republic of Indonesia'
where name =  upper('Indonesia');            

update country  
set country_code = 'IR',
alpha_3_code = 'IRN',
numeric_code = '364',
name = 'Iran, Islamic Republic of',
official_name = 'Islamic Republic of Iran'
where name =  upper('Iran, Islamic Republic of');            

update country  
set country_code = 'IQ',
alpha_3_code = 'IRQ',
numeric_code = '368',
name = 'Iraq',
official_name = 'Republic of Iraq'
where name =  upper('Iraq');            

update country  
set country_code = 'IE',
alpha_3_code = 'IRL',
numeric_code = '372',
name = 'Ireland',
official_name = ''
where name =  upper('Ireland');            

update country  
set country_code = 'IM',
alpha_3_code = 'IMN',
numeric_code = '833',
name = 'Isle of Man',
official_name = ''
where name =  upper('Isle of Man');            

update country  
set country_code = 'IL',
alpha_3_code = 'ISR',
numeric_code = '376',
name = 'Israel',
official_name = 'State of Israel'
where name =  upper('Israel');            

update country  
set country_code = 'IT',
alpha_3_code = 'ITA',
numeric_code = '380',
name = 'Italy',
official_name = 'Italian Republic'
where name =  upper('Italy');            

update country  
set country_code = 'JM',
alpha_3_code = 'JAM',
numeric_code = '388',
name = 'Jamaica',
official_name = ''
where name =  upper('Jamaica');            

update country  
set country_code = 'JP',
alpha_3_code = 'JPN',
numeric_code = '392',
name = 'Japan',
official_name = ''
where name =  upper('Japan');            

update country  
set country_code = 'JE',
alpha_3_code = 'JEY',
numeric_code = '832',
name = 'Jersey',
official_name = ''
where name =  upper('Jersey');            

update country  
set country_code = 'JO',
alpha_3_code = 'JOR',
numeric_code = '400',
name = 'Jordan',
official_name = 'Hashemite Kingdom of Jordan'
where name =  upper('Jordan');            

update country  
set country_code = 'KZ',
alpha_3_code = 'KAZ',
numeric_code = '398',
name = 'Kazakhstan',
official_name = 'Republic of Kazakhstan'
where name =  upper('Kazakhstan');            

update country  
set country_code = 'KE',
alpha_3_code = 'KEN',
numeric_code = '404',
name = 'Kenya',
official_name = 'Republic of Kenya'
where name =  upper('Kenya');            

update country  
set country_code = 'KI',
alpha_3_code = 'KIR',
numeric_code = '296',
name = 'Kiribati',
official_name = 'Republic of Kiribati'
where name =  upper('Kiribati');            

update country  
set country_code = 'KP',
alpha_3_code = 'PRK',
numeric_code = '408',
name = 'Korea, Democratic People''s Republic of',
official_name = 'Democratic People''s Republic of Korea'
where name =  upper('Korea, Democratic People''s Republic of');            

update country  
set country_code = 'KR',
alpha_3_code = 'KOR',
numeric_code = '410',
name = 'Korea, Republic of',
official_name = ''
where name =  upper('Korea, Republic of');            

update country  
set country_code = 'KW',
alpha_3_code = 'KWT',
numeric_code = '414',
name = 'Kuwait',
official_name = 'State of Kuwait'
where name =  upper('Kuwait');            

update country  
set country_code = 'KG',
alpha_3_code = 'KGZ',
numeric_code = '417',
name = 'Kyrgyzstan',
official_name = 'Kyrgyz Republic'
where name =  upper('Kyrgyzstan');            

update country  
set country_code = 'LA',
alpha_3_code = 'LAO',
numeric_code = '418',
name = 'Lao People''s Democratic Republic',
official_name = ''
where name =  upper('Lao People''s Democratic Republic');            

update country  
set country_code = 'LV',
alpha_3_code = 'LVA',
numeric_code = '428',
name = 'Latvia',
official_name = 'Republic of Latvia'
where name =  upper('Latvia');            

update country  
set country_code = 'LB',
alpha_3_code = 'LBN',
numeric_code = '422',
name = 'Lebanon',
official_name = 'Lebanese Republic'
where name =  upper('Lebanon');            

update country  
set country_code = 'LS',
alpha_3_code = 'LSO',
numeric_code = '426',
name = 'Lesotho',
official_name = 'Kingdom of Lesotho'
where name =  upper('Lesotho');            

update country  
set country_code = 'LR',
alpha_3_code = 'LBR',
numeric_code = '430',
name = 'Liberia',
official_name = 'Republic of Liberia'
where name =  upper('Liberia');            

update country  
set country_code = 'LY',
alpha_3_code = 'LBY',
numeric_code = '434',
name = 'Libyan Arab Jamahiriya',
official_name = 'Socialist People''s Libyan Arab Jamahiriya'
where name =  upper('Libyan Arab Jamahiriya');            

update country  
set country_code = 'LI',
alpha_3_code = 'LIE',
numeric_code = '438',
name = 'Liechtenstein',
official_name = 'Principality of Liechtenstein'
where name =  upper('Liechtenstein');            

update country  
set country_code = 'LT',
alpha_3_code = 'LTU',
numeric_code = '440',
name = 'Lithuania',
official_name = 'Republic of Lithuania'
where name =  upper('Lithuania');            

update country  
set country_code = 'LU',
alpha_3_code = 'LUX',
numeric_code = '442',
name = 'Luxembourg',
official_name = 'Grand Duchy of Luxembourg'
where name =  upper('Luxembourg');            

update country  
set country_code = 'MO',
alpha_3_code = 'MAC',
numeric_code = '446',
name = 'Macao',
official_name = 'Macao Special Administrative Region of China'
where name =  upper('Macao');            

update country  
set country_code = 'MK',
alpha_3_code = 'MKD',
numeric_code = '807',
name = 'Macedonia, Republic of',
official_name = 'The Former Yugoslav Republic of Macedonia'
where name =  upper('Macedonia, Republic of');            


update country  
set country_code = 'MK',
alpha_3_code = 'MKD',
numeric_code = '807',
name = 'Macedonia, Republic of',
official_name = 'The Former Yugoslav Republic of Macedonia'
where name = upper('MACEDONIA, THE FORMER YUGOSLAV REPUBLIC OF');      


update country  
set country_code = 'MG',
alpha_3_code = 'MDG',
numeric_code = '450',
name = 'Madagascar',
official_name = 'Republic of Madagascar'
where name =  upper('Madagascar');            

update country  
set country_code = 'MW',
alpha_3_code = 'MWI',
numeric_code = '454',
name = 'Malawi',
official_name = 'Republic of Malawi'
where name =  upper('Malawi');            

update country  
set country_code = 'MY',
alpha_3_code = 'MYS',
numeric_code = '458',
name = 'Malaysia',
official_name = ''
where name =  upper('Malaysia');            

update country  
set country_code = 'MV',
alpha_3_code = 'MDV',
numeric_code = '462',
name = 'Maldives',
official_name = 'Republic of Maldives'
where name =  upper('Maldives');            

update country  
set country_code = 'ML',
alpha_3_code = 'MLI',
numeric_code = '466',
name = 'Mali',
official_name = 'Republic of Mali'
where name =  upper('Mali');            

update country  
set country_code = 'MT',
alpha_3_code = 'MLT',
numeric_code = '470',
name = 'Malta',
official_name = 'Republic of Malta'
where name =  upper('Malta');            

update country  
set country_code = 'MH',
alpha_3_code = 'MHL',
numeric_code = '584',
name = 'Marshall Islands',
official_name = 'Republic of the Marshall Islands'
where name =  upper('Marshall Islands');            

update country  
set country_code = 'MQ',
alpha_3_code = 'MTQ',
numeric_code = '474',
name = 'Martinique',
official_name = ''
where name =  upper('Martinique');            

update country  
set country_code = 'MR',
alpha_3_code = 'MRT',
numeric_code = '478',
name = 'Mauritania',
official_name = 'Islamic Republic of Mauritania'
where name =  upper('Mauritania');            

update country  
set country_code = 'MU',
alpha_3_code = 'MUS',
numeric_code = '480',
name = 'Mauritius',
official_name = 'Republic of Mauritius'
where name =  upper('Mauritius');            

update country  
set country_code = 'YT',
alpha_3_code = 'MYT',
numeric_code = '175',
name = 'Mayotte',
official_name = ''
where name =  upper('Mayotte');            

update country  
set country_code = 'MX',
alpha_3_code = 'MEX',
numeric_code = '484',
name = 'Mexico',
official_name = 'United Mexican States'
where name =  upper('Mexico');            

update country  
set country_code = 'FM',
alpha_3_code = 'FSM',
numeric_code = '583',
name = 'Micronesia, Federated States of',
official_name = 'Federated States of Micronesia'
where name =  upper('Micronesia, Federated States of');            

update country  
set country_code = 'MD',
alpha_3_code = 'MDA',
numeric_code = '498',
name = 'Moldova',
official_name = 'Republic of Moldova'
where name =  upper('Moldova');            

update country  
set country_code = 'MD',
alpha_3_code = 'MDA',
numeric_code = '498',
name = 'Moldova',
official_name = 'Republic of Moldova'
where name =  upper('MOLDOVA, REPUBLIC OF');            

update country  
set country_code = 'MC',
alpha_3_code = 'MCO',
numeric_code = '492',
name = 'Monaco',
official_name = 'Principality of Monaco'
where name =  upper('Monaco');            

update country  
set country_code = 'MN',
alpha_3_code = 'MNG',
numeric_code = '496',
name = 'Mongolia',
official_name = ''
where name =  upper('Mongolia');            

update country  
set country_code = 'ME',
alpha_3_code = 'MNE',
numeric_code = '499',
name = 'Montenegro',
official_name = 'Montenegro'
where name =  upper('Montenegro');            

update country  
set country_code = 'MS',
alpha_3_code = 'MSR',
numeric_code = '500',
name = 'Montserrat',
official_name = ''
where name =  upper('Montserrat');            

update country  
set country_code = 'MA',
alpha_3_code = 'MAR',
numeric_code = '504',
name = 'Morocco',
official_name = 'Kingdom of Morocco'
where name =  upper('Morocco');            

update country  
set country_code = 'MZ',
alpha_3_code = 'MOZ',
numeric_code = '508',
name = 'Mozambique',
official_name = 'Republic of Mozambique'
where name =  upper('Mozambique');            

update country  
set country_code = 'MM',
alpha_3_code = 'MMR',
numeric_code = '104',
name = 'Myanmar',
official_name = 'Union of Myanmar'
where name =  upper('Myanmar');            

update country  
set country_code = 'NA',
alpha_3_code = 'NAM',
numeric_code = '516',
name = 'Namibia',
official_name = 'Republic of Namibia'
where name =  upper('Namibia');            

update country  
set country_code = 'NR',
alpha_3_code = 'NRU',
numeric_code = '520',
name = 'Nauru',
official_name = 'Republic of Nauru'
where name =  upper('Nauru');            

update country  
set country_code = 'NP',
alpha_3_code = 'NPL',
numeric_code = '524',
name = 'Nepal',
official_name = 'Kingdom of Nepal'
where name =  upper('Nepal');            

update country  
set country_code = 'NL',
alpha_3_code = 'NLD',
numeric_code = '528',
name = 'Netherlands',
official_name = 'Kingdom of the Netherlands'
where name =  upper('Netherlands');            

update country  
set country_code = 'AN',
alpha_3_code = 'ANT',
numeric_code = '530',
name = 'Netherlands Antilles',
official_name = ''
where name =  upper('Netherlands Antilles');            

update country  
set country_code = 'NC',
alpha_3_code = 'NCL',
numeric_code = '540',
name = 'New Caledonia',
official_name = ''
where name =  upper('New Caledonia');            

update country  
set country_code = 'NZ',
alpha_3_code = 'NZL',
numeric_code = '554',
name = 'New Zealand',
official_name = ''
where name =  upper('New Zealand');            

update country  
set country_code = 'NI',
alpha_3_code = 'NIC',
numeric_code = '558',
name = 'Nicaragua',
official_name = 'Republic of Nicaragua'
where name =  upper('Nicaragua');            

update country  
set country_code = 'NE',
alpha_3_code = 'NER',
numeric_code = '562',
name = 'Niger',
official_name = 'Republic of the Niger'
where name =  upper('Niger');            

update country  
set country_code = 'NG',
alpha_3_code = 'NGA',
numeric_code = '566',
name = 'Nigeria',
official_name = 'Federal Republic of Nigeria'
where name =  upper('Nigeria');            

update country  
set country_code = 'NU',
alpha_3_code = 'NIU',
numeric_code = '570',
name = 'Niue',
official_name = 'Republic of Niue'
where name =  upper('Niue');            

update country  
set country_code = 'NF',
alpha_3_code = 'NFK',
numeric_code = '574',
name = 'Norfolk Island',
official_name = ''
where name =  upper('Norfolk Island');            

update country  
set country_code = 'MP',
alpha_3_code = 'MNP',
numeric_code = '580',
name = 'Northern Mariana Islands',
official_name = 'Commonwealth of the Northern Mariana Islands'
where name =  upper('Northern Mariana Islands');            

update country  
set country_code = 'NO',
alpha_3_code = 'NOR',
numeric_code = '578',
name = 'Norway',
official_name = 'Kingdom of Norway'
where name =  upper('Norway');            

update country  
set country_code = 'OM',
alpha_3_code = 'OMN',
numeric_code = '512',
name = 'Oman',
official_name = 'Sultanate of Oman'
where name =  upper('Oman');            

update country  
set country_code = 'PK',
alpha_3_code = 'PAK',
numeric_code = '586',
name = 'Pakistan',
official_name = 'Islamic Republic of Pakistan'
where name =  upper('Pakistan');            

update country  
set country_code = 'PW',
alpha_3_code = 'PLW',
numeric_code = '585',
name = 'Palau',
official_name = 'Republic of Palau'
where name =  upper('Palau');            

update country  
set country_code = 'PS',
alpha_3_code = 'PSE',
numeric_code = '275',
name = 'Palestinian Territory, Occupied',
official_name = 'Occupied Palestinian Territory'
where name =  upper('Palestinian Territory, Occupied');            

update country  
set country_code = 'PA',
alpha_3_code = 'PAN',
numeric_code = '591',
name = 'Panama',
official_name = 'Republic of Panama'
where name =  upper('Panama');            

update country  
set country_code = 'PG',
alpha_3_code = 'PNG',
numeric_code = '598',
name = 'Papua New Guinea',
official_name = ''
where name =  upper('Papua New Guinea');            

update country  
set country_code = 'PY',
alpha_3_code = 'PRY',
numeric_code = '600',
name = 'Paraguay',
official_name = 'Republic of Paraguay'
where name =  upper('Paraguay');            

update country  
set country_code = 'PE',
alpha_3_code = 'PER',
numeric_code = '604',
name = 'Peru',
official_name = 'Republic of Peru'
where name =  upper('Peru');            

update country  
set country_code = 'PH',
alpha_3_code = 'PHL',
numeric_code = '608',
name = 'Philippines',
official_name = 'Republic of the Philippines'
where name =  upper('Philippines');            

update country  
set country_code = 'PN',
alpha_3_code = 'PCN',
numeric_code = '612',
name = 'Pitcairn',
official_name = ''
where name =  upper('Pitcairn');            

update country  
set country_code = 'PL',
alpha_3_code = 'POL',
numeric_code = '616',
name = 'Poland',
official_name = 'Republic of Poland'
where name =  upper('Poland');            

update country  
set country_code = 'PT',
alpha_3_code = 'PRT',
numeric_code = '620',
name = 'Portugal',
official_name = 'Portuguese Republic'
where name =  upper('Portugal');            

update country  
set country_code = 'PR',
alpha_3_code = 'PRI',
numeric_code = '630',
name = 'Puerto Rico',
official_name = ''
where name =  upper('Puerto Rico');            

update country  
set country_code = 'QA',
alpha_3_code = 'QAT',
numeric_code = '634',
name = 'Qatar',
official_name = 'State of Qatar'
where name =  upper('Qatar');            

update country  
set country_code = 'RE',
alpha_3_code = 'REU',
numeric_code = '638',
name = 'Reunion',
official_name = ''
where name =  upper('Reunion');            

update country  
set country_code = 'RO',
alpha_3_code = 'ROU',
numeric_code = '642',
name = 'Romania',
official_name = ''
where name =  upper('Romania');            

update country  
set country_code = 'RU',
alpha_3_code = 'RUS',
numeric_code = '643',
name = 'Russian Federation',
official_name = ''
where name =  upper('Russian Federation');            

update country  
set country_code = 'RW',
alpha_3_code = 'RWA',
numeric_code = '646',
name = 'Rwanda',
official_name = 'Rwandese Republic'
where name =  upper('Rwanda');            

update country  
set country_code = 'BL',
alpha_3_code = 'BLM',
numeric_code = '652',
name = 'Saint Barthélemy',
official_name = ''
where name =  upper('Saint Barthélemy');            

update country  
set country_code = 'SH',
alpha_3_code = 'SHN',
numeric_code = '654',
name = 'Saint Helena',
official_name = 'SAINT HELENA, ASCENSION AND TRISTAN DA CUNHA'
where name =  upper('Saint Helena');            

update country  
set country_code = 'SH',
alpha_3_code = 'SHN',
numeric_code = '654',
name = 'Saint Helena',
official_name = 'SAINT HELENA, ASCENSION AND TRISTAN DA CUNHA'
where name =  upper('SAINT HELENA, ASCENSION AND TRISTAN DA CUNHA');            



update country  
set country_code = 'KN',
alpha_3_code = 'KNA',
numeric_code = '659',
name = 'Saint Kitts and Nevis',
official_name = ''
where name =  upper('Saint Kitts and Nevis');            

update country  
set country_code = 'LC',
alpha_3_code = 'LCA',
numeric_code = '662',
name = 'Saint Lucia',
official_name = ''
where name =  upper('Saint Lucia');            

update country  
set country_code = 'MF',
alpha_3_code = 'MAF',
numeric_code = '663',
name = 'Saint Martin (French part)',
official_name = ''
where name =  upper('Saint Martin (French part)');            

update country  
set country_code = 'PM',
alpha_3_code = 'SPM',
numeric_code = '666',
name = 'Saint Pierre and Miquelon',
official_name = ''
where name =  upper('Saint Pierre and Miquelon');            

update country  
set country_code = 'VC',
alpha_3_code = 'VCT',
numeric_code = '670',
name = 'Saint Vincent and the Grenadines',
official_name = ''
where name =  upper('Saint Vincent and the Grenadines');            

update country  
set country_code = 'WS',
alpha_3_code = 'WSM',
numeric_code = '882',
name = 'Samoa',
official_name = 'Independent State of Samoa'
where name =  upper('Samoa');            

update country  
set country_code = 'SM',
alpha_3_code = 'SMR',
numeric_code = '674',
name = 'San Marino',
official_name = 'Republic of San Marino'
where name =  upper('San Marino');            

update country  
set country_code = 'ST',
alpha_3_code = 'STP',
numeric_code = '678',
name = 'Sao Tome and Principe',
official_name = 'Democratic Republic of Sao Tome and Principe'
where name =  upper('Sao Tome and Principe');            

update country  
set country_code = 'SA',
alpha_3_code = 'SAU',
numeric_code = '682',
name = 'Saudi Arabia',
official_name = 'Kingdom of Saudi Arabia'
where name =  upper('Saudi Arabia');            

update country  
set country_code = 'SN',
alpha_3_code = 'SEN',
numeric_code = '686',
name = 'Senegal',
official_name = 'Republic of Senegal'
where name =  upper('Senegal');            

update country  
set country_code = 'RS',
alpha_3_code = 'SRB',
numeric_code = '688',
name = 'Serbia',
official_name = 'Republic of Serbia'
where name =  upper('Serbia');            

update country  
set country_code = 'SC',
alpha_3_code = 'SYC',
numeric_code = '690',
name = 'Seychelles',
official_name = 'Republic of Seychelles'
where name =  upper('Seychelles');            

update country  
set country_code = 'SL',
alpha_3_code = 'SLE',
numeric_code = '694',
name = 'Sierra Leone',
official_name = 'Republic of Sierra Leone'
where name =  upper('Sierra Leone');            

update country  
set country_code = 'SG',
alpha_3_code = 'SGP',
numeric_code = '702',
name = 'Singapore',
official_name = 'Republic of Singapore'
where name =  upper('Singapore');            

update country  
set country_code = 'SK',
alpha_3_code = 'SVK',
numeric_code = '703',
name = 'Slovakia',
official_name = 'Slovak Republic'
where name =  upper('Slovakia');            

update country  
set country_code = 'SI',
alpha_3_code = 'SVN',
numeric_code = '705',
name = 'Slovenia',
official_name = 'Republic of Slovenia'
where name =  upper('Slovenia');            

update country  
set country_code = 'SB',
alpha_3_code = 'SLB',
numeric_code = '090',
name = 'Solomon Islands',
official_name = ''
where name =  upper('Solomon Islands');            

update country  
set country_code = 'SO',
alpha_3_code = 'SOM',
numeric_code = '706',
name = 'Somalia',
official_name = 'Somali Republic'
where name =  upper('Somalia');            

update country  
set country_code = 'ZA',
alpha_3_code = 'ZAF',
numeric_code = '710',
name = 'South Africa',
official_name = 'Republic of South Africa'
where name =  upper('South Africa');            

update country  
set country_code = 'GS',
alpha_3_code = 'SGS',
numeric_code = '239',
name = 'South Georgia and the South Sandwich Islands',
official_name = ''
where name =  upper('South Georgia and the South Sandwich Islands');            

update country  
set country_code = 'ES',
alpha_3_code = 'ESP',
numeric_code = '724',
name = 'Spain',
official_name = 'Kingdom of Spain'
where name =  upper('Spain');            

update country  
set country_code = 'LK',
alpha_3_code = 'LKA',
numeric_code = '144',
name = 'Sri Lanka',
official_name = 'Democratic Socialist Republic of Sri Lanka'
where name =  upper('Sri Lanka');            

update country  
set country_code = 'SD',
alpha_3_code = 'SDN',
numeric_code = '736',
name = 'Sudan',
official_name = 'Republic of the Sudan'
where name =  upper('Sudan');            

update country  
set country_code = 'SR',
alpha_3_code = 'SUR',
numeric_code = '740',
name = 'Suriname',
official_name = 'Republic of Suriname'
where name =  upper('Suriname');            

update country  
set country_code = 'SJ',
alpha_3_code = 'SJM',
numeric_code = '744',
name = 'Svalbard and Jan Mayen',
official_name = ''
where name =  upper('Svalbard and Jan Mayen');            

update country  
set country_code = 'SZ',
alpha_3_code = 'SWZ',
numeric_code = '748',
name = 'Swaziland',
official_name = 'Kingdom of Swaziland'
where name =  upper('Swaziland');            

update country  
set country_code = 'SE',
alpha_3_code = 'SWE',
numeric_code = '752',
name = 'Sweden',
official_name = 'Kingdom of Sweden'
where name =  upper('Sweden');            

update country  
set country_code = 'CH',
alpha_3_code = 'CHE',
numeric_code = '756',
name = 'Switzerland',
official_name = 'Swiss Confederation'
where name =  upper('Switzerland');            

update country  
set country_code = 'SY',
alpha_3_code = 'SYR',
numeric_code = '760',
name = 'Syrian Arab Republic',
official_name = ''
where name =  upper('Syrian Arab Republic');            

update country  
set country_code = 'TW',
alpha_3_code = 'TWN',
numeric_code = '158',
name = 'Taiwan, Province of China',
official_name = 'Taiwan, Province of China'
where name =  upper('Taiwan, Province of China');            

update country  
set country_code = 'TJ',
alpha_3_code = 'TJK',
numeric_code = '762',
name = 'Tajikistan',
official_name = 'Republic of Tajikistan'
where name =  upper('Tajikistan');            

update country  
set country_code = 'TZ',
alpha_3_code = 'TZA',
numeric_code = '834',
name = 'Tanzania, United Republic of',
official_name = 'United Republic of Tanzania'
where name =  upper('Tanzania, United Republic of');            

update country  
set country_code = 'TH',
alpha_3_code = 'THA',
numeric_code = '764',
name = 'Thailand',
official_name = 'Kingdom of Thailand'
where name =  upper('Thailand');            

update country  
set country_code = 'TL',
alpha_3_code = 'TLS',
numeric_code = '626',
name = 'Timor-Leste',
official_name = 'Democratic Republic of Timor-Leste'
where name =  upper('Timor-Leste');            

update country  
set country_code = 'TG',
alpha_3_code = 'TGO',
numeric_code = '768',
name = 'Togo',
official_name = 'Togolese Republic'
where name =  upper('Togo');            

update country  
set country_code = 'TK',
alpha_3_code = 'TKL',
numeric_code = '772',
name = 'Tokelau',
official_name = ''
where name =  upper('Tokelau');            

update country  
set country_code = 'TO',
alpha_3_code = 'TON',
numeric_code = '776',
name = 'Tonga',
official_name = 'Kingdom of Tonga'
where name =  upper('Tonga');            

update country  
set country_code = 'TT',
alpha_3_code = 'TTO',
numeric_code = '780',
name = 'Trinidad and Tobago',
official_name = 'Republic of Trinidad and Tobago'
where name =  upper('Trinidad and Tobago');            

update country  
set country_code = 'TN',
alpha_3_code = 'TUN',
numeric_code = '788',
name = 'Tunisia',
official_name = 'Republic of Tunisia'
where name =  upper('Tunisia');            

update country  
set country_code = 'TR',
alpha_3_code = 'TUR',
numeric_code = '792',
name = 'Turkey',
official_name = 'Republic of Turkey'
where name =  upper('Turkey');            

update country  
set country_code = 'TM',
alpha_3_code = 'TKM',
numeric_code = '795',
name = 'Turkmenistan',
official_name = ''
where name =  upper('Turkmenistan');            

update country  
set country_code = 'TC',
alpha_3_code = 'TCA',
numeric_code = '796',
name = 'Turks and Caicos Islands',
official_name = ''
where name =  upper('Turks and Caicos Islands');            

update country  
set country_code = 'TV',
alpha_3_code = 'TUV',
numeric_code = '798',
name = 'Tuvalu',
official_name = ''
where name =  upper('Tuvalu');            

update country  
set country_code = 'UG',
alpha_3_code = 'UGA',
numeric_code = '800',
name = 'Uganda',
official_name = 'Republic of Uganda'
where name =  upper('Uganda');            

update country  
set country_code = 'UA',
alpha_3_code = 'UKR',
numeric_code = '804',
name = 'Ukraine',
official_name = ''
where name =  upper('Ukraine');            

update country  
set country_code = 'AE',
alpha_3_code = 'ARE',
numeric_code = '784',
name = 'United Arab Emirates',
official_name = ''
where name =  upper('United Arab Emirates');            

update country  
set country_code = 'GB',
alpha_3_code = 'GBR',
numeric_code = '826',
name = 'United Kingdom',
official_name = 'United Kingdom of Great Britain and Northern Ireland'
where name =  upper('United Kingdom');            

update country  
set country_code = 'US',
alpha_3_code = 'USA',
numeric_code = '840',
name = 'United States',
official_name = 'United States of America'
where name =  upper('United States');            

update country  
set country_code = 'UM',
alpha_3_code = 'UMI',
numeric_code = '581',
name = 'United States Minor Outlying Islands',
official_name = ''
where name =  upper('United States Minor Outlying Islands');            

update country  
set country_code = 'UY',
alpha_3_code = 'URY',
numeric_code = '858',
name = 'Uruguay',
official_name = 'Eastern Republic of Uruguay'
where name =  upper('Uruguay');            

update country  
set country_code = 'UZ',
alpha_3_code = 'UZB',
numeric_code = '860',
name = 'Uzbekistan',
official_name = 'Republic of Uzbekistan'
where name =  upper('Uzbekistan');            

update country  
set country_code = 'VU',
alpha_3_code = 'VUT',
numeric_code = '548',
name = 'Vanuatu',
official_name = 'Republic of Vanuatu'
where name =  upper('Vanuatu');            

update country  
set country_code = 'VE',
alpha_3_code = 'VEN',
numeric_code = '862',
name = 'Venezuela',
official_name = 'Bolivarian Republic of Venezuela'
where name =  upper('Venezuela');            


update country  
set country_code = 'VE',
alpha_3_code = 'VEN',
numeric_code = '862',
name = 'Venezuela',
official_name = 'Bolivarian Republic of Venezuela'
where name =  upper('VENEZUELA, BOLIVARIAN REPUBLIC OF');            


update country  
set country_code = 'VN',
alpha_3_code = 'VNM',
numeric_code = '704',
name = 'Viet Nam',
official_name = 'Socialist Republic of Viet Nam'
where name =  upper('Viet Nam');            

update country  
set country_code = 'VG',
alpha_3_code = 'VGB',
numeric_code = '092',
name = 'Virgin Islands, British',
official_name = 'British Virgin Islands'
where name =  upper('Virgin Islands, British');            

update country  
set country_code = 'VI',
alpha_3_code = 'VIR',
numeric_code = '850',
name = 'Virgin Islands, U.S.',
official_name = 'Virgin Islands of the United States'
where name =  upper('Virgin Islands, U.S.');            

update country  
set country_code = 'WF',
alpha_3_code = 'WLF',
numeric_code = '876',
name = 'Wallis and Futuna',
official_name = ''
where name =  upper('Wallis and Futuna');            

update country  
set country_code = 'EH',
alpha_3_code = 'ESH',
numeric_code = '732',
name = 'Western Sahara',
official_name = ''
where name =  upper('Western Sahara');            

update country  
set country_code = 'YE',
alpha_3_code = 'YEM',
numeric_code = '887',
name = 'Yemen',
official_name = 'Republic of Yemen'
where name =  upper('Yemen');            

update country  
set country_code = 'ZM',
alpha_3_code = 'ZMB',
numeric_code = '894',
name = 'Zambia',
official_name = 'Republic of Zambia'
where name =  upper('Zambia');            

update country  
set country_code = 'ZW',
alpha_3_code = 'ZWE',
numeric_code = '716',
name = 'Zimbabwe',
official_name = 'Republic of Zimbabwe'
where name =  upper('Zimbabwe');            

